Time,Peak Current
0,0.002
24.24,0.0075
48.48,0.00875
72.72,0.0095
96.96,0.0085
121.2,0.00925
145.44,0.00925
169.68,0.0095
