Time,Peak Current
0,0.0015
24.24,0.002
48.48,0.006
72.72,0.008375
96.96,0.008625
121.2,0.0101875
145.44,0.01
169.68,0.009375
